Item,Price,cost,ValidFrom,ValidTo,Type,,,
J.W Black Label Btl,80,30,8/19/2021,9/16/2022,Btl,TRUE,,
J.W Black Label Btl,90,32.892,9/17/2022,10/18/2023,Btl,TRUE,,
J.W Black Label Btl,90,36.11,10/19/2023,12/26/2023,Btl,TRUE,,
J.W Black Label Btl,90,33.09,12/27/2023,6/29/2024,Btl,TRUE,,
J.W Black Label Btl,90,32.8703,6/30/2024,5/7/2025,Btl,TRUE,,
J.W Black Label Btl,90,33.67,5/8/2025,12/31/2099,Btl,FALSE,,
Woodford Reserved Btl,110,0,8/19/2021,5/25/2024,Btl,TRUE,,
Woodford Reserved Btl,100,0,5/26/2024,12/31/2099,Btl,FALSE,,
Tanqueray Btl,60,0,8/19/2021,10/28/2022,Btl,TRUE,,
Tanqueray Btl,65,0,10/29/2022,5/31/2023,Btl,TRUE,,
Tanqueray Btl,70,0,6/1/2023,12/31/2099,Btl,FALSE,,
Hendricks Btl,90,0,8/19/2021,6/2/2023,Btl,TRUE,,
Hendricks Btl,100,0,6/3/2023,12/26/2023,Btl,TRUE,,
Hendricks Btl,90,39.323,12/27/2023,2/29/2024,Btl,TRUE,,
Hendricks Btl,95,36.209,3/1/2024,12/31/2099,Btl,FALSE,,
Chivas Regal Xv - Btl,100,0,8/19/2021,11/18/2022,Btl,TRUE,,
Chivas Regal Xv - Btl,110,0,11/19/2022,2/12/2024,Btl,TRUE,,
Chivas Regal Xv - Btl,120,0,2/13/2024,12/31/2099,Btl,FALSE,,
Bacardi Spiced.Btl,60,0,8/19/2021,11/24/2023,Btl,TRUE,,
Bacardi Spiced.Btl,65,0,11/25/2023,6/25/2025,Btl,TRUE,,
Bacardi Spiced.Btl,70,0,6/26/2025,12/31/2099,Btl,FALSE,,
Buffalo Trace Btl,75,0,8/19/2021,3/30/2023,Btl,TRUE,,
Buffalo Trace Btl,85,0,3/31/2023,8/14/2023,Btl,TRUE,,
Buffalo Trace Btl,105,0,8/15/2023,12/31/2099,Btl,FALSE,,
Tavernello Pinot Grigio-Btl,25,0,8/19/2021,12/31/2099,Btl,FALSE,,
Peroni Btl,3.6,0,8/19/2021,8/22/2021,Btl,TRUE,,
Peroni Btl,6,0,8/23/2021,9/2/2021,Btl,TRUE,,
Peroni Btl,3.6,0,9/3/2021,9/3/2021,Btl,TRUE,,
Peroni Btl,6,0,9/4/2021,9/22/2021,Btl,TRUE,,
Peroni Btl,3.6,0,9/23/2021,10/4/2021,Btl,TRUE,,
Peroni Btl,6,0,10/5/2021,11/3/2021,Btl,TRUE,,
Peroni Btl,3.6,0,11/4/2021,11/4/2021,Btl,TRUE,,
Peroni Btl,6,0,11/5/2021,11/19/2021,Btl,TRUE,,
Peroni Btl,3.6,0,11/20/2021,11/19/2021,Btl,TRUE,,
Peroni Btl,6,0,11/20/2021,11/30/2021,Btl,TRUE,,
Peroni Btl,3.6,0,12/1/2021,12/11/2021,Btl,TRUE,,
Peroni Btl,6,0,12/12/2021,12/15/2021,Btl,TRUE,,
Peroni Btl,3.6,0,12/16/2021,12/18/2021,Btl,TRUE,,
Peroni Btl,6,0,12/19/2021,12/22/2021,Btl,TRUE,,
Peroni Btl,3.6,0,12/23/2021,12/22/2021,Btl,TRUE,,
Peroni Btl,6,0,12/23/2021,12/26/2021,Btl,TRUE,,
Peroni Btl,3.6,0,12/27/2021,1/1/2022,Btl,TRUE,,
Peroni Btl,6,0,1/2/2022,1/12/2022,Btl,TRUE,,
Peroni Btl,3.6,0,1/13/2022,1/12/2022,Btl,TRUE,,
Peroni Btl,6,0,1/13/2022,1/15/2022,Btl,TRUE,,
Peroni Btl,3.6,0,1/16/2022,1/30/2022,Btl,TRUE,,
Peroni Btl,6,0,1/31/2022,2/3/2022,Btl,TRUE,,
Peroni Btl,3.6,0,2/4/2022,2/4/2022,Btl,TRUE,,
Peroni Btl,6,0,2/5/2022,2/5/2022,Btl,TRUE,,
Peroni Btl,3.6,0,2/6/2022,2/10/2022,Btl,TRUE,,
Peroni Btl,6,0,2/11/2022,2/23/2022,Btl,TRUE,,
Peroni Btl,3.6,0,2/24/2022,2/23/2022,Btl,TRUE,,
Peroni Btl,6,0,2/24/2022,2/24/2022,Btl,TRUE,,
Peroni Btl,3.6,0,2/25/2022,2/24/2022,Btl,TRUE,,
Peroni Btl,6,0,2/25/2022,2/27/2022,Btl,TRUE,,
Peroni Btl,3.6,0,2/28/2022,2/27/2022,Btl,TRUE,,
Peroni Btl,6,0,2/28/2022,3/2/2022,Btl,TRUE,,
Peroni Btl,3.6,0,3/3/2022,3/2/2022,Btl,TRUE,,
Peroni Btl,6,0,3/3/2022,3/7/2022,Btl,TRUE,,
Peroni Btl,3.6,0,3/8/2022,3/7/2022,Btl,TRUE,,
Peroni Btl,6,0,3/8/2022,3/13/2022,Btl,TRUE,,
Peroni Btl,3.6,0,3/14/2022,3/13/2022,Btl,TRUE,,
Peroni Btl,6,0,3/14/2022,3/14/2022,Btl,TRUE,,
Peroni Btl,3.6,0,3/15/2022,3/14/2022,Btl,TRUE,,
Peroni Btl,6,0,3/15/2022,3/15/2022,Btl,TRUE,,
Peroni Btl,3.6,0,3/16/2022,3/15/2022,Btl,TRUE,,
Peroni Btl,6,0,3/16/2022,3/17/2022,Btl,TRUE,,
Peroni Btl,3.6,0,3/18/2022,3/17/2022,Btl,TRUE,,
Peroni Btl,6,0,3/18/2022,3/21/2022,Btl,TRUE,,
Peroni Btl,3.6,0,3/22/2022,3/25/2022,Btl,TRUE,,
Peroni Btl,6,0,3/26/2022,3/30/2022,Btl,TRUE,,
Peroni Btl,3.6,0,3/31/2022,3/30/2022,Btl,TRUE,,
Peroni Btl,6,0,3/31/2022,4/2/2022,Btl,TRUE,,
Peroni Btl,3.6,0,4/3/2022,4/4/2022,Btl,TRUE,,
Peroni Btl,6,0,4/5/2022,4/7/2022,Btl,TRUE,,
Peroni Btl,3.6,0,4/8/2022,4/11/2022,Btl,TRUE,,
Peroni Btl,6,0,4/12/2022,4/14/2022,Btl,TRUE,,
Peroni Btl,3.6,0,4/15/2022,4/14/2022,Btl,TRUE,,
Peroni Btl,6,0,4/15/2022,4/18/2022,Btl,TRUE,,
Peroni Btl,3.6,0,4/19/2022,4/18/2022,Btl,TRUE,,
Peroni Btl,6,0,4/19/2022,4/20/2022,Btl,TRUE,,
Peroni Btl,3.6,0,4/21/2022,4/20/2022,Btl,TRUE,,
Peroni Btl,6,0,4/21/2022,4/25/2022,Btl,TRUE,,
Peroni Btl,3.6,0,4/26/2022,4/26/2022,Btl,TRUE,,
Peroni Btl,6,0,4/27/2022,5/9/2022,Btl,TRUE,,
Peroni Btl,3.6,0,5/10/2022,5/10/2022,Btl,TRUE,,
Peroni Btl,6,0,5/11/2022,5/11/2022,Btl,TRUE,,
Peroni Btl,3.6,0,5/12/2022,5/12/2022,Btl,TRUE,,
Peroni Btl,6,0,5/13/2022,5/13/2022,Btl,TRUE,,
Peroni Btl,3.6,0,5/14/2022,5/13/2022,Btl,TRUE,,
Peroni Btl,6,0,5/14/2022,5/17/2022,Btl,TRUE,,
Peroni Btl,3.6,0,5/18/2022,5/17/2022,Btl,TRUE,,
Peroni Btl,6,0,5/18/2022,5/18/2022,Btl,TRUE,,
Peroni Btl,3.6,0,5/19/2022,5/18/2022,Btl,TRUE,,
Peroni Btl,6,0,5/19/2022,5/24/2022,Btl,TRUE,,
Peroni Btl,3.6,0,5/25/2022,5/24/2022,Btl,TRUE,,
Peroni Btl,6,0,5/25/2022,5/25/2022,Btl,TRUE,,
Peroni Btl,3.6,0,5/26/2022,5/25/2022,Btl,TRUE,,
Peroni Btl,6,0,5/26/2022,5/29/2022,Btl,TRUE,,
Peroni Btl,3.6,0,5/30/2022,5/30/2022,Btl,TRUE,,
Peroni Btl,6,0,5/31/2022,5/31/2022,Btl,TRUE,,
Peroni Btl,3.6,0,6/1/2022,6/1/2022,Btl,TRUE,,
Peroni Btl,6,0,6/2/2022,6/3/2022,Btl,TRUE,,
Peroni Btl,3.6,0,6/4/2022,6/7/2022,Btl,TRUE,,
Peroni Btl,6,0,6/8/2022,6/18/2022,Btl,TRUE,,
Peroni Btl,3.6,0,6/19/2022,6/18/2022,Btl,TRUE,,
Peroni Btl,6,0,6/19/2022,7/5/2022,Btl,TRUE,,
Peroni Btl,3.6,0,7/6/2022,7/7/2022,Btl,TRUE,,
Peroni Btl,6,0,7/8/2022,7/13/2022,Btl,TRUE,,
Peroni Btl,3.6,0,7/14/2022,7/17/2022,Btl,TRUE,,
Peroni Btl,6,0,7/18/2022,7/20/2022,Btl,TRUE,,
Peroni Btl,3.6,0,7/21/2022,7/20/2022,Btl,TRUE,,
Peroni Btl,6,0,7/21/2022,7/21/2022,Btl,TRUE,,
Peroni Btl,3.6,0,7/22/2022,7/21/2022,Btl,TRUE,,
Peroni Btl,6,0,7/22/2022,7/24/2022,Btl,TRUE,,
Peroni Btl,3.6,0,7/25/2022,7/25/2022,Btl,TRUE,,
Peroni Btl,6,0,7/26/2022,7/29/2022,Btl,TRUE,,
Peroni Btl,3.6,0,7/30/2022,8/3/2022,Btl,TRUE,,
Peroni Btl,6,0,8/4/2022,8/12/2022,Btl,TRUE,,
Peroni Btl,3.6,0,8/13/2022,8/13/2022,Btl,TRUE,,
Peroni Btl,6,0,8/14/2022,8/17/2022,Btl,TRUE,,
Peroni Btl,3.6,0,8/18/2022,8/18/2022,Btl,TRUE,,
Peroni Btl,6,0,8/19/2022,8/20/2022,Btl,TRUE,,
Peroni Btl,3.6,0,8/21/2022,8/20/2022,Btl,TRUE,,
Peroni Btl,6,0,8/21/2022,8/21/2022,Btl,TRUE,,
Peroni Btl,3.6,0,8/22/2022,8/22/2022,Btl,TRUE,,
Peroni Btl,6,0,8/23/2022,9/21/2022,Btl,TRUE,,
Peroni Btl,3.6,0,9/22/2022,9/25/2022,Btl,TRUE,,
Peroni Btl,6,0,9/26/2022,9/27/2022,Btl,TRUE,,
Peroni Btl,3.6,0,9/28/2022,9/27/2022,Btl,TRUE,,
Peroni Btl,6,0,9/28/2022,9/28/2022,Btl,TRUE,,
Peroni Btl,3.6,0,9/29/2022,9/29/2022,Btl,TRUE,,
Peroni Btl,6,0,9/30/2022,10/1/2022,Btl,TRUE,,
Peroni Btl,3.6,0,10/2/2022,10/2/2022,Btl,TRUE,,
Peroni Btl,6,0,10/3/2022,10/3/2022,Btl,TRUE,,
Peroni Btl,3.6,0,10/4/2022,10/4/2022,Btl,TRUE,,
Peroni Btl,6,0,10/5/2022,10/14/2022,Btl,TRUE,,
Peroni Btl,3.6,0,10/15/2022,10/14/2022,Btl,TRUE,,
Peroni Btl,6,0,10/15/2022,10/17/2022,Btl,TRUE,,
Peroni Btl,3.6,0,10/18/2022,10/17/2022,Btl,TRUE,,
Peroni Btl,6,0,10/18/2022,10/18/2022,Btl,TRUE,,
Peroni Btl,3.6,0,10/19/2022,10/18/2022,Btl,TRUE,,
Peroni Btl,6,0,10/19/2022,10/19/2022,Btl,TRUE,,
Peroni Btl,3.6,0,10/20/2022,10/20/2022,Btl,TRUE,,
Peroni Btl,6,0,10/21/2022,10/21/2022,Btl,TRUE,,
Peroni Btl,3.6,0,10/22/2022,10/26/2022,Btl,TRUE,,
Peroni Btl,6,0,10/27/2022,10/28/2022,Btl,TRUE,,
Peroni Btl,3.6,0,10/29/2022,10/29/2022,Btl,TRUE,,
Peroni Btl,6,0,10/30/2022,10/31/2022,Btl,TRUE,,
Peroni Btl,3.6,0,11/1/2022,11/1/2022,Btl,TRUE,,
Peroni Btl,6,0,11/2/2022,11/2/2022,Btl,TRUE,,
Peroni Btl,3.6,0,11/3/2022,11/2/2022,Btl,TRUE,,
Peroni Btl,6,0,11/3/2022,11/4/2022,Btl,TRUE,,
Peroni Btl,3.6,0,11/5/2022,11/6/2022,Btl,TRUE,,
Peroni Btl,6,0,11/7/2022,11/9/2022,Btl,TRUE,,
Peroni Btl,3.6,0,11/10/2022,11/12/2022,Btl,TRUE,,
Peroni Btl,6,0,11/13/2022,11/14/2022,Btl,TRUE,,
Peroni Btl,3.6,0,11/15/2022,11/14/2022,Btl,TRUE,,
Peroni Btl,6,0,11/15/2022,11/15/2022,Btl,TRUE,,
Peroni Btl,3.6,0,11/16/2022,11/16/2022,Btl,TRUE,,
Peroni Btl,6,0,11/17/2022,11/17/2022,Btl,TRUE,,
Peroni Btl,3.6,0,11/18/2022,11/17/2022,Btl,TRUE,,
Peroni Btl,6,0,11/18/2022,11/18/2022,Btl,TRUE,,
Peroni Btl,3.6,0,11/19/2022,11/18/2022,Btl,TRUE,,
Peroni Btl,6,0,11/19/2022,11/19/2022,Btl,TRUE,,
Peroni Btl,3.6,0,11/20/2022,11/20/2022,Btl,TRUE,,
Peroni Btl,6,0,11/21/2022,11/21/2022,Btl,TRUE,,
Peroni Btl,3.6,0,11/22/2022,11/22/2022,Btl,TRUE,,
Peroni Btl,6,0,11/23/2022,11/23/2022,Btl,TRUE,,
Peroni Btl,3.6,0,11/24/2022,11/23/2022,Btl,TRUE,,
Peroni Btl,6,0,11/24/2022,11/25/2022,Btl,TRUE,,
Peroni Btl,3.6,0,11/26/2022,11/25/2022,Btl,TRUE,,
Peroni Btl,6,0,11/26/2022,11/28/2022,Btl,TRUE,,
Peroni Btl,3.6,0,11/29/2022,11/28/2022,Btl,TRUE,,
Peroni Btl,6,0,11/29/2022,12/1/2022,Btl,TRUE,,
Peroni Btl,3.6,0,12/2/2022,12/2/2022,Btl,TRUE,,
Peroni Btl,6,0,12/3/2022,12/3/2022,Btl,TRUE,,
Peroni Btl,3.6,0,12/4/2022,12/3/2022,Btl,TRUE,,
Peroni Btl,6,0,12/4/2022,12/4/2022,Btl,TRUE,,
Peroni Btl,3.6,0,12/5/2022,12/4/2022,Btl,TRUE,,
Peroni Btl,6,0,12/5/2022,12/8/2022,Btl,TRUE,,
Peroni Btl,3.6,0,12/9/2022,12/9/2022,Btl,TRUE,,
Peroni Btl,6,0,12/10/2022,12/11/2022,Btl,TRUE,,
Peroni Btl,3.6,0,12/12/2022,12/11/2022,Btl,TRUE,,
Peroni Btl,6,0,12/12/2022,12/16/2022,Btl,TRUE,,
Peroni Btl,3.6,0,12/17/2022,12/21/2022,Btl,TRUE,,
Peroni Btl,6,0,12/22/2022,12/25/2022,Btl,TRUE,,
Peroni Btl,3.6,0,12/26/2022,12/25/2022,Btl,TRUE,,
Peroni Btl,6,0,12/26/2022,12/26/2022,Btl,TRUE,,
Peroni Btl,3.6,0,12/27/2022,12/26/2022,Btl,TRUE,,
Peroni Btl,6,0,12/27/2022,1/4/2023,Btl,TRUE,,
Peroni Btl,3.6,0,1/5/2023,1/5/2023,Btl,TRUE,,
Peroni Btl,6,0,1/6/2023,1/9/2023,Btl,TRUE,,
Peroni Btl,3.6,0,1/10/2023,1/9/2023,Btl,TRUE,,
Peroni Btl,6,0,1/10/2023,1/10/2023,Btl,TRUE,,
Peroni Btl,3.6,0,1/11/2023,1/11/2023,Btl,TRUE,,
Peroni Btl,6,0,1/12/2023,1/15/2023,Btl,TRUE,,
Peroni Btl,3.6,0,1/16/2023,1/15/2023,Btl,TRUE,,
Peroni Btl,6,0,1/16/2023,1/17/2023,Btl,TRUE,,
Peroni Btl,3.6,0,1/18/2023,1/18/2023,Btl,TRUE,,
Peroni Btl,6,0,1/19/2023,1/20/2023,Btl,TRUE,,
Peroni Btl,3.6,0,1/21/2023,1/21/2023,Btl,TRUE,,
Peroni Btl,6,0,1/22/2023,1/22/2023,Btl,TRUE,,
Peroni Btl,3.6,0,1/23/2023,1/22/2023,Btl,TRUE,,
Peroni Btl,6,0,1/23/2023,1/23/2023,Btl,TRUE,,
Peroni Btl,3.6,0,1/24/2023,1/23/2023,Btl,TRUE,,
Peroni Btl,6,0,1/24/2023,1/24/2023,Btl,TRUE,,
Peroni Btl,3.6,0,1/25/2023,1/25/2023,Btl,TRUE,,
Peroni Btl,6,0,1/26/2023,1/26/2023,Btl,TRUE,,
Peroni Btl,3.6,0,1/27/2023,1/27/2023,Btl,TRUE,,
Peroni Btl,6,0,1/28/2023,1/29/2023,Btl,TRUE,,
Peroni Btl,3.6,0,1/30/2023,2/2/2023,Btl,TRUE,,
Peroni Btl,6,0,2/3/2023,2/3/2023,Btl,TRUE,,
Peroni Btl,3.6,0,2/4/2023,2/3/2023,Btl,TRUE,,
Peroni Btl,6,0,2/4/2023,2/5/2023,Btl,TRUE,,
Peroni Btl,3.6,0,2/6/2023,2/7/2023,Btl,TRUE,,
Peroni Btl,6,0,2/8/2023,2/9/2023,Btl,TRUE,,
Peroni Btl,3.6,0,2/10/2023,2/9/2023,Btl,TRUE,,
Peroni Btl,6,0,2/10/2023,2/18/2023,Btl,TRUE,,
Peroni Btl,3.6,0,2/19/2023,2/21/2023,Btl,TRUE,,
Peroni Btl,6,0,2/22/2023,2/22/2023,Btl,TRUE,,
Peroni Btl,3.6,0,2/23/2023,2/22/2023,Btl,TRUE,,
Peroni Btl,6,0,2/23/2023,3/8/2023,Btl,TRUE,,
Peroni Btl,3.6,0,3/9/2023,3/8/2023,Btl,TRUE,,
Peroni Btl,6,0,3/9/2023,3/9/2023,Btl,TRUE,,
Peroni Btl,3.6,0,3/10/2023,3/10/2023,Btl,TRUE,,
Peroni Btl,6,0,3/11/2023,3/11/2023,Btl,TRUE,,
Peroni Btl,3.6,0,3/12/2023,3/12/2023,Btl,TRUE,,
Peroni Btl,6,0,3/13/2023,3/14/2023,Btl,TRUE,,
Peroni Btl,3.6,0,3/15/2023,3/15/2023,Btl,TRUE,,
Peroni Btl,6,0,3/16/2023,3/21/2023,Btl,TRUE,,
Peroni Btl,3.6,0,3/22/2023,3/21/2023,Btl,TRUE,,
Peroni Btl,6,0,3/22/2023,3/26/2023,Btl,TRUE,,
Peroni Btl,3.6,0,3/27/2023,3/28/2023,Btl,TRUE,,
Peroni Btl,6,0,3/29/2023,3/31/2023,Btl,TRUE,,
Peroni Btl,3.6,0,4/1/2023,4/5/2023,Btl,TRUE,,
Peroni Btl,6,0,4/6/2023,4/13/2023,Btl,TRUE,,
Peroni Btl,3.6,0,4/14/2023,4/13/2023,Btl,TRUE,,
Peroni Btl,6,0,4/14/2023,4/15/2023,Btl,TRUE,,
Peroni Btl,3.6,0,4/16/2023,4/16/2023,Btl,TRUE,,
Peroni Btl,6,0,4/17/2023,4/17/2023,Btl,TRUE,,
Peroni Btl,3.6,0,4/18/2023,4/17/2023,Btl,TRUE,,
Peroni Btl,6,0,4/18/2023,4/19/2023,Btl,TRUE,,
Peroni Btl,3.6,0,4/20/2023,4/19/2023,Btl,TRUE,,
Peroni Btl,6,0,4/20/2023,4/20/2023,Btl,TRUE,,
Peroni Btl,3.6,0,4/21/2023,4/20/2023,Btl,TRUE,,
Peroni Btl,6,0,4/21/2023,4/21/2023,Btl,TRUE,,
Peroni Btl,3.6,0,4/22/2023,4/21/2023,Btl,TRUE,,
Peroni Btl,6,0,4/22/2023,4/26/2023,Btl,TRUE,,
Peroni Btl,3.6,0,4/27/2023,4/26/2023,Btl,TRUE,,
Peroni Btl,6,0,4/27/2023,4/28/2023,Btl,TRUE,,
Peroni Btl,3.6,0,4/29/2023,4/28/2023,Btl,TRUE,,
Peroni Btl,6,0,4/29/2023,5/4/2023,Btl,TRUE,,
Peroni Btl,3.6,0,5/5/2023,5/4/2023,Btl,TRUE,,
Peroni Btl,6,0,5/5/2023,5/5/2023,Btl,TRUE,,
Peroni Btl,3.6,0,5/6/2023,5/5/2023,Btl,TRUE,,
Peroni Btl,6,0,5/6/2023,5/6/2023,Btl,TRUE,,
Peroni Btl,3.6,0,5/7/2023,5/6/2023,Btl,TRUE,,
Peroni Btl,6,0,5/7/2023,5/8/2023,Btl,TRUE,,
Peroni Btl,3.6,0,5/9/2023,5/8/2023,Btl,TRUE,,
Peroni Btl,6,0,5/9/2023,5/9/2023,Btl,TRUE,,
Peroni Btl,3.6,0,5/10/2023,5/9/2023,Btl,TRUE,,
Peroni Btl,6,0,5/10/2023,5/12/2023,Btl,TRUE,,
Peroni Btl,3.6,0,5/13/2023,5/12/2023,Btl,TRUE,,
Peroni Btl,6,0,5/13/2023,5/16/2023,Btl,TRUE,,
Peroni Btl,3.6,0,5/17/2023,5/16/2023,Btl,TRUE,,
Peroni Btl,6,0,5/17/2023,5/18/2023,Btl,TRUE,,
Peroni Btl,3.6,0,5/19/2023,5/20/2023,Btl,TRUE,,
Peroni Btl,6,0,5/21/2023,5/27/2023,Btl,TRUE,,
Peroni Btl,3.6,0,5/28/2023,5/27/2023,Btl,TRUE,,
Peroni Btl,6,0,5/28/2023,5/30/2023,Btl,TRUE,,
Peroni Btl,3.6,0,5/31/2023,5/31/2023,Btl,TRUE,,
Peroni Btl,6,0,6/1/2023,7/29/2023,Btl,TRUE,,
Peroni Btl,1.89,0,7/30/2023,7/29/2023,Btl,TRUE,,
Peroni Btl,6,0,7/30/2023,3/30/2024,Btl,TRUE,,
Peroni Btl,1.89,0,3/31/2024,4/7/2024,Btl,TRUE,,
Peroni Btl,6,0,4/8/2024,5/31/2024,Btl,TRUE,,
Peroni Btl,1.892,0,6/1/2024,5/31/2024,Btl,TRUE,,
Peroni Btl,6,0,6/1/2024,12/25/2024,Btl,TRUE,,
Peroni Btl,1.689,0,12/26/2024,12/27/2024,Btl,TRUE,,
Peroni Btl,6,0,12/28/2024,12/31/2099,Btl,FALSE,,
Don Julio Reposado Btl,95,0,8/19/2021,10/20/2022,Btl,TRUE,,
Don Julio Reposado Btl,100,0,10/21/2022,6/3/2023,Btl,TRUE,,
Don Julio Reposado Btl,125,0,6/4/2023,1/9/2024,Btl,TRUE,,
Don Julio Reposado Btl,145,59.9,1/10/2024,12/31/2099,Btl,FALSE,,
Teeling - Btl,75,0,8/19/2021,8/6/2024,Btl,TRUE,,
Teeling - Btl,80,0,8/7/2024,12/31/2099,Btl,FALSE,,
Russian Standard Btl,50,0,8/19/2021,9/17/2022,Btl,TRUE,,
Russian Standard Btl,55,13.666,9/18/2022,2/5/2024,Btl,TRUE,,
Russian Standard Btl,55,14.47,2/6/2024,2/13/2025,Btl,TRUE,,
Russian Standard Btl,55,14.74074,2/14/2025,5/7/2025,Btl,TRUE,,
Russian Standard Btl,55,14.66,5/8/2025,5/30/2025,Btl,TRUE,,
Russian Standard Btl,55,0,5/31/2025,12/31/2099,Btl,FALSE,,
Bombay Btl,65,0,8/19/2021,9/21/2022,Btl,TRUE,,
Bombay Btl,70,25.773,9/22/2022,12/26/2024,Btl,TRUE,,
Bombay Btl,70,26.21,12/27/2024,2/13/2025,Btl,TRUE,,
Bombay Btl,70,0,2/14/2025,12/31/2099,Btl,FALSE,,
Glenfiddich 15 Btl,130,0,8/19/2021,6/3/2023,Btl,TRUE,,
Glenfiddich 15 Btl,150,0,6/4/2023,1/8/2024,Btl,TRUE,,
Glenfiddich 15 Btl,165,0,1/9/2024,12/31/2099,Btl,FALSE,,
Ksara Merwah-Btl,42,0,8/19/2021,10/7/2022,Btl,TRUE,,
Ksara Merwah-Btl,45,0,10/8/2022,12/31/2099,Btl,FALSE,,
Danzante Pinot Grigio-Btl,37,0,8/19/2021,9/17/2022,Btl,TRUE,,
Danzante Pinot Grigio-Btl,40,0,9/18/2022,6/6/2023,Btl,TRUE,,
Danzante Pinot Grigio-Btl,45,17.36,6/7/2023,12/31/2099,Btl,FALSE,,
Jameson Btl,65,0,8/19/2021,12/31/2099,Btl,FALSE,,
Bottega Rose 20 Cl-Btl,11,0,8/19/2021,9/18/2022,Btl,TRUE,,
Bottega Rose 20 Cl-Btl,12,0,9/19/2022,12/31/2099,Btl,FALSE,,
J.W Gold Reserve Btl,110,0,8/19/2021,9/21/2022,Btl,TRUE,,
J.W Gold Reserve Btl,115,0,9/22/2022,6/17/2023,Btl,TRUE,,
J.W Gold Reserve Btl,140,0,6/18/2023,1/15/2024,Btl,TRUE,,
J.W Gold Reserve Btl,150,0,1/16/2024,12/31/2099,Btl,FALSE,,
Santa Digna Sauvignon Blanc- Btl,38,0,8/19/2021,9/18/2022,Btl,TRUE,,
Santa Digna Sauvignon Blanc- Btl,40,0,9/19/2022,1/24/2024,Btl,TRUE,,
Santa Digna Sauvignon Blanc- Btl,50,15.429,1/25/2024,12/31/2099,Btl,FALSE,,
La Celia Malbec -Btl,40,0,8/19/2021,9/28/2022,Btl,TRUE,,
La Celia Malbec -Btl,45,0,9/29/2022,12/31/2099,Btl,FALSE,,
Jp Chanet Ice-Btl,35,0,8/19/2021,2/5/2024,Btl,TRUE,,
Jp Chanet Ice-Btl,37,12,2/6/2024,2/15/2025,Btl,TRUE,,
Jp Chanet Ice-Btl,37,0,2/16/2025,12/31/2099,Btl,FALSE,,
Jp Chanet Ice Rose-Btl,35,0,8/19/2021,1/12/2024,Btl,TRUE,,
Jp Chanet Ice Rose-Btl,37,0,1/13/2024,12/31/2099,Btl,FALSE,,
Louis Eschenauer Bordeaux-W-Btl,32,0,8/19/2021,9/22/2022,Btl,TRUE,,
Louis Eschenauer Bordeaux-W-Btl,35,0,9/23/2022,12/31/2099,Btl,FALSE,,
Amstel Btl,3.8,0,8/19/2021,9/30/2021,Btl,TRUE,,
Amstel Btl,2.28,0,10/1/2021,9/30/2021,Btl,TRUE,,
Amstel Btl,3.8,0,10/1/2021,10/26/2021,Btl,TRUE,,
Amstel Btl,2.28,0,10/27/2021,10/31/2021,Btl,TRUE,,
Amstel Btl,3.8,0,11/1/2021,11/6/2021,Btl,TRUE,,
Amstel Btl,2.28,0,11/7/2021,11/6/2021,Btl,TRUE,,
Amstel Btl,3.8,0,11/7/2021,12/14/2021,Btl,TRUE,,
Amstel Btl,2.28,0,12/15/2021,12/14/2021,Btl,TRUE,,
Amstel Btl,3.8,0,12/15/2021,12/20/2021,Btl,TRUE,,
Amstel Btl,2.28,0,12/21/2021,12/22/2021,Btl,TRUE,,
Amstel Btl,3.8,0,12/23/2021,12/27/2021,Btl,TRUE,,
Amstel Btl,2.28,0,12/28/2021,12/27/2021,Btl,TRUE,,
Amstel Btl,3.8,0,12/28/2021,12/29/2021,Btl,TRUE,,
Amstel Btl,2.28,0,12/30/2021,12/31/2021,Btl,TRUE,,
Amstel Btl,3.8,0,1/1/2022,1/1/2022,Btl,TRUE,,
Amstel Btl,2.28,0,1/2/2022,1/1/2022,Btl,TRUE,,
Amstel Btl,3.8,0,1/2/2022,2/11/2022,Btl,TRUE,,
Amstel Btl,2.28,0,2/12/2022,2/21/2022,Btl,TRUE,,
Amstel Btl,3.8,0,2/22/2022,3/12/2022,Btl,TRUE,,
Amstel Btl,2.28,0,3/13/2022,3/14/2022,Btl,TRUE,,
Amstel Btl,3.8,0,3/15/2022,3/21/2022,Btl,TRUE,,
Amstel Btl,2.28,0,3/22/2022,3/22/2022,Btl,TRUE,,
Amstel Btl,3.8,0,3/23/2022,3/24/2022,Btl,TRUE,,
Amstel Btl,2.28,0,3/25/2022,3/24/2022,Btl,TRUE,,
Amstel Btl,3.8,0,3/25/2022,3/29/2022,Btl,TRUE,,
Amstel Btl,2.28,0,3/30/2022,4/20/2022,Btl,TRUE,,
Amstel Btl,3.8,0,4/21/2022,4/23/2022,Btl,TRUE,,
Amstel Btl,2.28,0,4/24/2022,4/23/2022,Btl,TRUE,,
Amstel Btl,3.8,0,4/24/2022,4/25/2022,Btl,TRUE,,
Amstel Btl,2.28,0,4/26/2022,4/25/2022,Btl,TRUE,,
Amstel Btl,3.8,0,4/26/2022,4/26/2022,Btl,TRUE,,
Amstel Btl,2.28,0,4/27/2022,4/27/2022,Btl,TRUE,,
Amstel Btl,3.8,0,4/28/2022,5/5/2022,Btl,TRUE,,
Amstel Btl,2.28,0,5/6/2022,5/7/2022,Btl,TRUE,,
Amstel Btl,3.8,0,5/8/2022,5/17/2022,Btl,TRUE,,
Amstel Btl,2.28,0,5/18/2022,5/18/2022,Btl,TRUE,,
Amstel Btl,3.8,0,5/19/2022,5/23/2022,Btl,TRUE,,
Amstel Btl,2.28,0,5/24/2022,5/23/2022,Btl,TRUE,,
Amstel Btl,3.8,0,5/24/2022,5/25/2022,Btl,TRUE,,
Amstel Btl,2.28,0,5/26/2022,5/27/2022,Btl,TRUE,,
Amstel Btl,3.8,0,5/28/2022,6/3/2022,Btl,TRUE,,
Amstel Btl,2.28,0,6/4/2022,6/3/2022,Btl,TRUE,,
Amstel Btl,3.8,0,6/4/2022,6/15/2022,Btl,TRUE,,
Amstel Btl,2.28,0,6/16/2022,6/15/2022,Btl,TRUE,,
Amstel Btl,3.8,0,6/16/2022,6/22/2022,Btl,TRUE,,
Amstel Btl,2.28,0,6/23/2022,7/2/2022,Btl,TRUE,,
Amstel Btl,3.8,0,7/3/2022,7/6/2022,Btl,TRUE,,
Amstel Btl,2.28,0,7/7/2022,7/6/2022,Btl,TRUE,,
Amstel Btl,3.8,0,7/7/2022,7/10/2022,Btl,TRUE,,
Amstel Btl,2.28,0,7/11/2022,7/11/2022,Btl,TRUE,,
Amstel Btl,3.8,0,7/12/2022,7/25/2022,Btl,TRUE,,
Amstel Btl,2.28,0,7/26/2022,7/27/2022,Btl,TRUE,,
Amstel Btl,3.8,0,7/28/2022,8/3/2022,Btl,TRUE,,
Amstel Btl,2.28,0,8/4/2022,8/3/2022,Btl,TRUE,,
Amstel Btl,3.8,0,8/4/2022,8/6/2022,Btl,TRUE,,
Amstel Btl,2.28,0,8/7/2022,8/7/2022,Btl,TRUE,,
Amstel Btl,3.8,0,8/8/2022,8/14/2022,Btl,TRUE,,
Amstel Btl,2.28,0,8/15/2022,8/14/2022,Btl,TRUE,,
Amstel Btl,3.8,0,8/15/2022,8/24/2022,Btl,TRUE,,
Amstel Btl,2.28,0,8/25/2022,8/24/2022,Btl,TRUE,,
Amstel Btl,3.8,0,8/25/2022,9/8/2022,Btl,TRUE,,
Amstel Btl,2.28,0,9/9/2022,9/10/2022,Btl,TRUE,,
Amstel Btl,3.8,0,9/11/2022,9/23/2022,Btl,TRUE,,
Amstel Btl,2.28,0,9/24/2022,9/25/2022,Btl,TRUE,,
Amstel Btl,3.8,0,9/26/2022,9/27/2022,Btl,TRUE,,
Amstel Btl,2.28,0,9/28/2022,9/27/2022,Btl,TRUE,,
Amstel Btl,3.8,0,9/28/2022,10/2/2022,Btl,TRUE,,
Amstel Btl,2.28,0,10/3/2022,10/3/2022,Btl,TRUE,,
Amstel Btl,3.8,0,10/4/2022,11/28/2022,Btl,TRUE,,
Amstel Btl,1.648708333,0,11/29/2022,6/29/2024,Btl,TRUE,,
Amstel Btl,1.527,0,6/30/2024,10/12/2024,Btl,TRUE,,
Amstel Btl,1.6396,0,10/13/2024,12/31/2099,Btl,FALSE,,
Glenfiddich 18 Btl,150,0,8/19/2021,12/21/2022,Btl,TRUE,,
Glenfiddich 18 Btl,160,0,12/22/2022,10/8/2024,Btl,TRUE,,
Glenfiddich 18 Btl,275,0,10/9/2024,12/31/2099,Btl,FALSE,,
Chivas Regal 12Y.Btl,80,0,8/19/2021,9/16/2022,Btl,TRUE,,
Chivas Regal 12Y.Btl,85,0,9/17/2022,5/31/2023,Btl,TRUE,,
Chivas Regal 12Y.Btl,90,35.388,6/1/2023,10/18/2023,Btl,TRUE,,
Chivas Regal 12Y.Btl,90,0,10/19/2023,12/26/2023,Btl,TRUE,,
Chivas Regal 12Y.Btl,80,41.537,12/27/2023,1/21/2024,Btl,TRUE,,
Chivas Regal 12Y.Btl,80,0,1/22/2024,2/28/2024,Btl,TRUE,,
Chivas Regal 12Y.Btl,90,33.772,2/29/2024,6/29/2024,Btl,TRUE,,
Chivas Regal 12Y.Btl,90,32.38,6/30/2024,5/30/2025,Btl,TRUE,,
Chivas Regal 12Y.Btl,90,32.18,5/31/2025,12/31/2099,Btl,FALSE,,
Bottega Proseco 20 Cl-Btl,11,0,8/19/2021,9/16/2022,Btl,TRUE,,
Bottega Proseco 20 Cl-Btl,12,0,9/17/2022,12/31/2099,Btl,FALSE,,
Tanqueray 10 Btl,80,0,8/19/2021,9/28/2022,Btl,TRUE,,
Tanqueray 10 Btl,85,0,9/29/2022,8/16/2023,Btl,TRUE,,
Tanqueray 10 Btl,90,0,8/17/2023,1/17/2024,Btl,TRUE,,
Tanqueray 10 Btl,100,0,1/18/2024,12/31/2099,Btl,FALSE,,
Gordons Dry Pink Btl,60,0,8/19/2021,3/16/2023,Btl,TRUE,,
Gordons Dry Pink Btl,65,0,3/17/2023,12/31/2099,Btl,FALSE,,
Beluga Noble Btl,85,0,8/19/2021,9/25/2022,Btl,TRUE,,
Beluga Noble Btl,90,0,9/26/2022,12/31/2099,Btl,FALSE,,
Patron Gold - Btl,90,0,8/19/2021,9/16/2022,Btl,TRUE,,
Patron Gold - Btl,100,0,9/17/2022,12/3/2023,Btl,TRUE,,
Patron Gold - Btl,120,0,12/4/2023,1/13/2024,Btl,TRUE,,
Patron Gold - Btl,130,0,1/14/2024,12/31/2099,Btl,FALSE,,
Ciroc Btl,85,0,8/19/2021,12/13/2022,Btl,TRUE,,
Ciroc Btl,90,0,12/14/2022,12/31/2099,Btl,FALSE,,
Russian Platinium  70 Btl,65,0,8/19/2021,12/31/2099,Btl,FALSE,,
Belvedere Btl,85,0,8/19/2021,10/21/2022,Btl,TRUE,,
Belvedere Btl,90,0,10/22/2022,10/4/2023,Btl,TRUE,,
Belvedere Btl,100,30.285,10/5/2023,12/31/2099,Btl,FALSE,,
Jameson Caskmates Ipa - Btl,75,0,8/19/2021,12/31/2099,Btl,FALSE,,
Laroche Petit Chablis-Btl,65,0,8/19/2021,12/31/2099,Btl,FALSE,,
Jameson Caskmates Stout - Btl,75,0,8/19/2021,2/9/2024,Btl,TRUE,,
Jameson Caskmates Stout - Btl,80,0,2/10/2024,12/31/2099,Btl,FALSE,,
Long Mountain Cabernet -Btl,32,0,8/19/2021,1/8/2023,Btl,TRUE,,
Long Mountain Cabernet -Btl,35,13.12,1/9/2023,10/30/2023,Btl,TRUE,,
Long Mountain Cabernet -Btl,35,0,10/31/2023,1/11/2024,Btl,TRUE,,
Long Mountain Cabernet -Btl,37,12.305,1/12/2024,6/30/2024,Btl,TRUE,,
Long Mountain Cabernet -Btl,37,12.3,7/1/2024,12/31/2099,Btl,FALSE,,
Aberfeldy 16Y. Btl,110,0,8/19/2021,9/20/2022,Btl,TRUE,,
Aberfeldy 16Y. Btl,120,0,9/21/2022,6/15/2023,Btl,TRUE,,
Aberfeldy 16Y. Btl,140,0,6/16/2023,12/31/2099,Btl,FALSE,,
Grey Goose Btl,85,0,8/19/2021,10/9/2023,Btl,TRUE,,
Grey Goose Btl,100,30.759,10/10/2023,12/31/2099,Btl,FALSE,,
Sipsmith  Btl,75,0,8/19/2021,10/12/2022,Btl,TRUE,,
Sipsmith  Btl,80,0,10/13/2022,6/13/2023,Btl,TRUE,,
Sipsmith  Btl,90,0,6/14/2023,12/31/2099,Btl,FALSE,,
J.W Double Black Btl,90,0,8/19/2021,10/20/2022,Btl,TRUE,,
J.W Double Black Btl,100,0,10/21/2022,6/2/2023,Btl,TRUE,,
J.W Double Black Btl,110,0,6/3/2023,1/18/2024,Btl,TRUE,,
J.W Double Black Btl,120,0,1/19/2024,12/31/2099,Btl,FALSE,,
Jr Classic Rose- Btl,22,0,8/19/2021,1/13/2024,Btl,TRUE,,
Jr Classic Rose- Btl,29,0,1/14/2024,12/31/2099,Btl,FALSE,,
Jameson 1 Liter Btl,75,0,8/19/2021,12/31/2099,Btl,FALSE,,
Deep Eddy Btl,45,0,8/19/2021,9/24/2022,Btl,TRUE,,
Deep Eddy Btl,50,0,9/25/2022,12/31/2099,Btl,FALSE,,
Ksara Chateau- Btl,35,0,8/19/2021,12/31/2099,Btl,FALSE,,
Jr Classic Chardonay-Btl,22,0,8/19/2021,12/31/2099,Btl,FALSE,,
Aultmore 12Y. Btl,90,0,8/19/2021,12/31/2099,Btl,FALSE,,
Whispering Angel- Btl,45,0,8/19/2021,10/25/2022,Btl,TRUE,,
Whispering Angel- Btl,55,0,10/26/2022,6/12/2023,Btl,TRUE,,
Whispering Angel- Btl,60,0,6/13/2023,1/25/2024,Btl,TRUE,,
Whispering Angel- Btl,65,0,1/26/2024,12/31/2099,Btl,FALSE,,
Ketel One Btl,70,0,8/19/2021,12/28/2022,Btl,TRUE,,
Ketel One Btl,75,0,12/29/2022,11/13/2023,Btl,TRUE,,
Ketel One Btl,80,0,11/14/2023,12/31/2099,Btl,FALSE,,
Titos Handmade Btl,55,0,8/19/2021,9/19/2022,Btl,TRUE,,
Titos Handmade Btl,60,0,9/20/2022,12/31/2099,Btl,FALSE,,
Danzanti Chianti-Btl,37,0,8/19/2021,10/11/2022,Btl,TRUE,,
Danzanti Chianti-Btl,40,0,10/12/2022,7/1/2023,Btl,TRUE,,
Danzanti Chianti-Btl,45,0,7/2/2023,12/31/2099,Btl,FALSE,,
Santa Digna Carmenere-Btl,38,0,8/19/2021,9/17/2022,Btl,TRUE,Wine,
Santa Digna Carmenere-Btl,40,0,9/18/2022,1/16/2024,Btl,TRUE,Wine,
Santa Digna Carmenere-Btl,50,15.827,1/17/2024,12/31/2099,Btl,FALSE,Wine,
Bottega Millesimato Brut-Btl,30,0,8/19/2021,9/17/2022,Btl,TRUE,Wine,
Bottega Millesimato Brut-Btl,35,0,9/18/2022,12/31/2099,Btl,FALSE,Wine,
Jr Reserved Merlot- Btl,26,0,8/19/2021,12/31/2099,Btl,FALSE,Wine,
Long Mountain Chardonnay-W-Btl,32,0,8/19/2021,1/10/2023,Btl,TRUE,Wine,
Long Mountain Chardonnay-W-Btl,35,0,1/11/2023,1/9/2024,Btl,TRUE,Wine,
Long Mountain Chardonnay-W-Btl,37,12.3,1/10/2024,9/30/2024,Btl,TRUE,Wine,
Long Mountain Chardonnay-W-Btl,37,0,10/1/2024,12/31/2099,Btl,FALSE,Wine,
Chivas Regal Extra- Btl,95,0,8/19/2021,12/11/2022,Btl,TRUE,,
Chivas Regal Extra- Btl,100,0,12/12/2022,12/31/2099,Btl,FALSE,,
Jose Cuervo Silver Btl,50,0,8/19/2021,9/17/2022,Btl,TRUE,Tequila,Silver
Jose Cuervo Silver Btl,55,0,9/18/2022,12/31/2099,Btl,FALSE,Tequila,Silver
Jose Cuervo Gold Btl,55,0,8/19/2021,10/9/2022,Btl,TRUE,Tequila,Gold
Jose Cuervo Gold Btl,60,0,10/10/2022,6/6/2023,Btl,TRUE,Tequila,Gold
Jose Cuervo Gold Btl,65,0,6/7/2023,1/24/2024,Btl,TRUE,Tequila,Gold
Jose Cuervo Gold Btl,70,0,1/25/2024,12/31/2099,Btl,FALSE,Tequila,Gold
Patron Cafe - Btl,75,0,8/19/2021,12/31/2099,Btl,FALSE,,
Ksara Carignan-Btl,35,0,8/19/2021,12/10/2022,Btl,TRUE,Wine,
Ksara Carignan-Btl,40,0,12/11/2022,6/19/2023,Btl,TRUE,Wine,
Ksara Carignan-Btl,45,0,6/20/2023,12/31/2099,Btl,FALSE,Wine,
Santa Digna Rose-Btl,38,0,8/19/2021,9/21/2022,Btl,TRUE,Wine,
Santa Digna Rose-Btl,40,0,9/22/2022,12/31/2099,Btl,FALSE,Wine,
Glenfiddich 12 Btl,110,0,8/19/2021,6/2/2023,Btl,TRUE,Whisky,
Glenfiddich 12 Btl,125,0,6/3/2023,12/26/2023,Btl,TRUE,Whisky,
Glenfiddich 12 Btl,110,0,12/27/2023,2/29/2024,Btl,TRUE,Whisky,
Glenfiddich 12 Btl,125,0,3/1/2024,12/31/2099,Btl,FALSE,,
Jr Reserved Cabernet- Btl,26,0,8/19/2021,12/31/2099,Btl,FALSE,Wine,
Bottega Pink Gold-Btl,55,0,8/19/2021,12/31/2099,Btl,FALSE,Wine,
Jr Classic Shiraz- Btl,22,0,8/19/2021,1/13/2024,Btl,TRUE,Wine,
Jr Classic Shiraz- Btl,29,0,1/14/2024,12/31/2099,Btl,FALSE,Wine,
Patron Silver Btl,90,0,8/19/2021,6/2/2023,Btl,TRUE,,
Patron Silver Btl,110,0,6/3/2023,1/9/2024,Btl,TRUE,,
Patron Silver Btl,120,0,1/10/2024,12/31/2099,Btl,FALSE,,
Tavernello Chianti -Btl,25,0,8/19/2021,12/31/2099,Btl,FALSE,Wine,Red
Macallan  Btl,130,0,8/19/2021,9/28/2022,Btl,TRUE,Whisky,Single Malt
Macallan  Btl,150,0,9/29/2022,6/3/2023,Btl,TRUE,Whisky,Single Malt
Macallan  Btl,160,0,6/4/2023,12/31/2099,Btl,FALSE,Whisky,Single Malt
J&B Rare Btl,65,0,8/19/2021,9/27/2022,Btl,TRUE,Whisky,Blended
J&B Rare Btl,75,19.376,9/28/2022,12/31/2099,Btl,FALSE,Whisky,Blended
Olmeca Gold- Btl,45,0,8/19/2021,9/20/2022,Btl,TRUE,Tequila,Gold
Olmeca Gold- Btl,55,0,9/21/2022,6/2/2023,Btl,TRUE,Tequila,Gold
Olmeca Gold- Btl,60,0,6/3/2023,12/31/2023,Btl,TRUE,Tequila,Gold
Olmeca Gold- Btl,55,0,1/1/2024,3/6/2024,Btl,TRUE,Tequila,Gold
Olmeca Gold- Btl,65,0,3/7/2024,12/31/2099,Btl,FALSE,Tequila,Gold
Jameson  75 Btl,65,0,8/19/2021,9/16/2022,Btl,TRUE,Whisky,Blended
Jameson  75 Btl,70,0,9/17/2022,12/26/2023,Btl,TRUE,Whisky,Blended
Jameson  75 Btl,55,26.686,12/27/2023,2/28/2024,Btl,TRUE,Whisky,Blended
Jameson  75 Btl,70,0,2/29/2024,4/15/2024,Btl,TRUE,Whisky,Blended
Jameson  75 Btl,80,0,4/16/2024,6/11/2024,Btl,TRUE,Whisky,Blended
Jameson  75 Btl,75,23.426,6/12/2024,6/29/2024,Btl,TRUE,Whisky,Blended
Jameson  75 Btl,75,23.853,6/30/2024,7/31/2024,Btl,TRUE,Whisky,Blended
Jameson  75 Btl,75,20.19,8/1/2024,4/27/2025,Btl,FALSE,Whisky,Blended
Escudo Rojo Reserva Cabernet -Btl,50,0,8/19/2021,10/7/2022,Btl,TRUE,Wine,Red
Escudo Rojo Reserva Cabernet -Btl,55,0,10/8/2022,7/24/2023,Btl,TRUE,Wine,Red
Escudo Rojo Reserva Cabernet -Btl,60,0,7/25/2023,12/31/2099,Btl,FALSE,Wine,Red
Bacardi White.Btl,60,0,8/19/2021,7/16/2023,Btl,TRUE,Rum,White
Bacardi White.Btl,65,0,7/17/2023,1/9/2024,Btl,TRUE,Rum,White
Bacardi White.Btl,70,0,1/10/2024,12/31/2099,Btl,FALSE,Rum,White
Jr Classic Chard-Btl,22,0,8/19/2021,1/8/2024,Btl,TRUE,Wine,White
Jr Classic Chard-Btl,29,0,1/9/2024,12/31/2099,Btl,FALSE,Wine,White
Mistral Pink Btl,70,32,8/19/2021,12/31/2099,Btl,FALSE,Gin,Gin
Chivas Regal 18 Y Btl,130,0,8/19/2021,9/26/2022,Btl,TRUE,Whisky,Blended
Chivas Regal 18 Y Btl,140,0,9/27/2022,6/5/2023,Btl,TRUE,Whisky,Blended
Chivas Regal 18 Y Btl,150,0,6/6/2023,12/27/2023,Btl,TRUE,Whisky,Blended
Chivas Regal 18 Y Btl,130,69.486,12/28/2023,3/3/2024,Btl,TRUE,Whisky,Blended
Chivas Regal 18 Y Btl,150,0,3/4/2024,12/31/2099,Btl,FALSE,Whisky,Blended
Captain Morgan Spiced.Btl,70,0,8/19/2021,1/14/2024,Btl,TRUE,Rum,Spiced
Captain Morgan Spiced.Btl,80,0,1/15/2024,12/31/2099,Btl,FALSE,Rum,Spiced
Gibsons-Btl,60,0,8/19/2021,12/31/2099,Btl,FALSE,Gin,Gin
Bushmills Original Btl,70,0,8/19/2021,12/31/2099,Btl,FALSE,Whisky,Blended
Marquese De Riscal-R-Btl,35,0,8/19/2021,7/29/2023,Btl,TRUE,Wine,Red
Marquese De Riscal-R-Btl,40,0,7/30/2023,1/8/2024,Btl,TRUE,Wine,Red
Marquese De Riscal-R-Btl,45,0,1/9/2024,12/31/2099,Btl,FALSE,Wine,Red
Stolichnaya Glod.Btl,60,0,8/19/2021,1/9/2024,Btl,TRUE,Vodka,Vodka
Stolichnaya Glod.Btl,65,0,1/10/2024,12/31/2099,Btl,FALSE,Vodka,Vodka
Legend Of Kermalin Btl,85,0,8/19/2021,3/9/2024,Btl,TRUE,Vodka,Vodka
Legend Of Kermalin Btl,100,0,3/10/2024,12/31/2099,Btl,FALSE,Vodka,Vodka
Captain Morgan Wh.Btl,70,0,8/19/2021,5/8/2025,Btl,TRUE,Rum,White
Captain Morgan Wh.Btl,80,0,5/9/2025,12/31/2099,Btl,FALSE,Rum,White
Clase Azul Plate- Btl,200,0,8/19/2021,9/3/2024,Btl,TRUE,Tequila,Silver
Clase Azul Plate- Btl,225,0,9/4/2024,12/31/2099,Btl,FALSE,Tequila,Silver
1800 Silver - Btl,70,0,8/19/2021,9/20/2022,Btl,TRUE,Tequila,Silver
1800 Silver - Btl,75,0,9/21/2022,8/8/2023,Btl,TRUE,Tequila,Silver
1800 Silver - Btl,90,0,8/9/2023,12/31/2099,Btl,FALSE,Tequila,Silver
Jameson Black Barrel - Btl,95,0,8/19/2021,12/31/2099,Btl,FALSE,,
Jack Daniels Btl,65,0,8/19/2021,12/31/2099,Btl,FALSE,,
Dermishanbo Irish - Btl,70,0,8/19/2021,10/16/2022,Btl,TRUE,,
Dermishanbo Irish - Btl,80,0,10/17/2022,12/14/2023,Btl,TRUE,,
Dermishanbo Irish - Btl,90,0,12/15/2023,4/10/2024,Btl,TRUE,,
Dermishanbo Irish - Btl,100,0,4/11/2024,12/31/2099,Btl,FALSE,,
Marques De Riscal Bianco-W-Btl,42,0,8/19/2021,9/26/2022,Btl,TRUE,,
Marques De Riscal Bianco-W-Btl,45,0,9/27/2022,12/31/2099,Btl,FALSE,,
Louis Eschenauer-R-Btl,32,0,8/19/2021,9/27/2022,Btl,TRUE,,
Louis Eschenauer-R-Btl,35,0,9/28/2022,12/31/2099,Btl,FALSE,,
Olmeca Silver- Btl,45,0,8/19/2021,9/19/2022,Btl,TRUE,,
Olmeca Silver- Btl,55,0,9/20/2022,6/4/2023,Btl,TRUE,,
Olmeca Silver- Btl,60,0,6/5/2023,12/27/2023,Btl,TRUE,,
Olmeca Silver- Btl,55,0,12/28/2023,2/29/2024,Btl,TRUE,,
Olmeca Silver- Btl,65,0,3/1/2024,12/31/2099,Btl,FALSE,,
Sainta Emilion-Btl,50,0,8/19/2021,10/21/2022,Btl,TRUE,,
Sainta Emilion-Btl,60,0,10/22/2022,6/7/2024,Btl,TRUE,,
Sainta Emilion-Btl,65,0,6/8/2024,12/31/2099,Btl,FALSE,,
Patron Reposado- Btl,95,0,8/19/2021,8/22/2023,Btl,TRUE,,
Patron Reposado- Btl,120,0,8/23/2023,1/10/2024,Btl,TRUE,,
Patron Reposado- Btl,135,0,1/11/2024,12/31/2099,Btl,FALSE,,
1800 Reposado- Btl,85,0,8/19/2021,6/7/2023,Btl,TRUE,,
1800 Reposado- Btl,100,0,6/8/2023,12/31/2099,Btl,FALSE,,
J.W Aged 18Y-Btl,150,0,8/19/2021,11/25/2022,Btl,TRUE,,
J.W Aged 18Y-Btl,160,0,11/26/2022,12/31/2099,Btl,FALSE,,
Beluga Transatlantic- Btl,100,0,8/19/2021,4/28/2024,Btl,TRUE,,
Beluga Transatlantic- Btl,110,0,4/29/2024,12/31/2099,Btl,FALSE,,
Moet&Chandon-Btl,95,0,8/19/2021,11/1/2022,Btl,TRUE,,
Moet&Chandon-Btl,110,0,11/2/2022,6/20/2023,Btl,TRUE,,
Moet&Chandon-Btl,120,0,6/21/2023,12/31/2099,Btl,FALSE,,
Los Vascos-Btl,50,0,8/19/2021,12/31/2099,Btl,FALSE,,
Dermishanbo Ceramic - Btl,70,0,8/19/2021,12/31/2099,Btl,FALSE,,
Gordons Btl,60,0,8/19/2021,12/31/2099,Btl,FALSE,,
Jim Beam Btl,60,0,8/19/2021,12/31/2099,Btl,FALSE,,
Balintines 12 Btl,65,0,8/19/2021,1/31/2024,Btl,TRUE,,
Balintines 12 Btl,60,0,2/1/2024,12/31/2099,Btl,FALSE,,
Smirnoff Red Btl,45,0,8/19/2021,3/11/2023,Btl,TRUE,,
Smirnoff Red Btl,50,0,3/12/2023,12/31/2099,Btl,FALSE,,
Oyster Bay Sauv Bianc-Btl,50,0,8/19/2021,6/19/2023,Btl,TRUE,,
Oyster Bay Sauv Bianc-Btl,55,0,6/20/2023,12/31/2099,Btl,FALSE,,
Chateauneuf Du Pape-Btl,70,0,8/19/2021,6/14/2023,Btl,TRUE,,
Chateauneuf Du Pape-Btl,75,0,6/15/2023,12/31/2099,Btl,FALSE,,
Sarmientos Sauvignon-Btl,30,0,8/19/2021,12/31/2099,Btl,FALSE,,
Jagermeister - Btl,70,0,8/19/2021,5/23/2023,Btl,TRUE,,
Jagermeister - Btl,80,0,5/24/2023,12/31/2099,Btl,FALSE,,
J.W Red Label Btl,65,0,8/19/2021,12/31/2099,Btl,FALSE,,
Santa Margherita Prosecco-Btl,40,0,8/19/2021,1/17/2024,Btl,TRUE,,
Santa Margherita Prosecco-Btl,48,0,1/18/2024,12/31/2099,Btl,FALSE,,
Torresella Merlot-Btl,30,0,8/19/2021,6/1/2023,Btl,TRUE,,
Torresella Merlot-Btl,35,0,6/2/2023,1/12/2024,Btl,TRUE,,
Torresella Merlot-Btl,36,0,1/13/2024,12/31/2099,Btl,FALSE,,
Susana Balbo W Blend-Btl,55,0,8/19/2021,6/6/2023,Btl,TRUE,,
Susana Balbo W Blend-Btl,60,0,6/7/2023,12/31/2099,Btl,FALSE,,
Santa Margherita Rose- Btl,40,0,8/19/2021,9/12/2023,Btl,TRUE,,
Santa Margherita Rose- Btl,50,0,9/13/2023,1/19/2024,Btl,TRUE,,
Santa Margherita Rose- Btl,48,0,1/20/2024,12/31/2099,Btl,FALSE,,
Santa Margherita Chianti-Btl,45,0,8/19/2021,6/2/2023,Btl,TRUE,,
Santa Margherita Chianti-Btl,50,0,6/3/2023,1/8/2024,Btl,TRUE,,
Santa Margherita Chianti-Btl,49,0,1/9/2024,9/28/2024,Btl,TRUE,,
Santa Margherita Chianti-Btl,18.066,0,9/29/2024,10/3/2024,Btl,TRUE,,
Santa Margherita Chianti-Btl,49,0,10/4/2024,12/31/2099,Btl,FALSE,,
Don Julio Anejo Btl,100,0,8/19/2021,11/1/2022,Btl,TRUE,,
Don Julio Anejo Btl,110,0,11/2/2022,6/4/2023,Btl,TRUE,,
Don Julio Anejo Btl,130,0,6/5/2023,1/8/2024,Btl,TRUE,,
Don Julio Anejo Btl,155,0,1/9/2024,5/30/2025,Btl,TRUE,,
Don Julio Anejo Btl,59.2,0,5/31/2025,6/2/2025,Btl,TRUE,,
Don Julio Anejo Btl,155,0,6/3/2025,12/31/2099,Btl,FALSE,,
Susana Balbo Sig Rose- Btl,55,0,8/19/2021,11/29/2023,Btl,TRUE,,
Susana Balbo Sig Rose- Btl,60,0,11/30/2023,12/29/2024,Btl,TRUE,,
Susana Balbo Sig Rose- Btl,59,0,12/30/2024,12/31/2099,Btl,FALSE,,
Diplomatico -Reserva-Btl,90,0,8/19/2021,12/31/2099,Btl,FALSE,,
Clase Azul Repos- Btl,250,0,8/19/2021,7/5/2023,Btl,TRUE,,
Clase Azul Repos- Btl,280,0,7/6/2023,12/31/2099,Btl,FALSE,,
Glenmorangie - Btl,115,0,8/19/2021,6/3/2023,Btl,TRUE,,
Glenmorangie - Btl,120,0,6/4/2023,1/20/2024,Btl,TRUE,,
Glenmorangie - Btl,125,0,1/21/2024,12/31/2099,Btl,FALSE,,
Vdv Ice Rose 20 Cl-Btl,11,0,8/19/2021,12/31/2099,Btl,FALSE,,
Sarmientos Merlot-Btl,30,0,8/19/2021,11/9/2024,Btl,TRUE,,
Sarmientos Merlot-Btl,10.875,0,11/10/2024,1/14/2025,Btl,TRUE,,
Sarmientos Merlot-Btl,38,0,1/15/2025,12/31/2099,Btl,FALSE,,
Torresella Pinot Grigio-Btl,30,0,8/19/2021,12/31/2099,Btl,FALSE,,
Gentelmaen Jack Btl,100,0,8/19/2021,12/31/2099,Btl,FALSE,,
J&B Reserve 15Y  Btl,110,0,8/19/2021,12/31/2099,Btl,FALSE,,
Vdv Ice Brut 20 Cl-Btl,11,0,8/19/2021,12/31/2099,Btl,FALSE,,
Evan Williams  Btl,55,0,8/19/2021,8/8/2024,Btl,TRUE,,
Evan Williams  Btl,65,0,8/9/2024,12/31/2099,Btl,FALSE,,
Grand Regnard Chablis-Btl,85,0,8/19/2021,6/16/2023,Btl,TRUE,,
Grand Regnard Chablis-Btl,90,0,6/17/2023,12/31/2099,Btl,FALSE,,
Budvar Btl,3.6,0,8/19/2021,12/21/2021,Btl,TRUE,,
Budvar Btl,6,0,12/22/2021,2/19/2022,Btl,TRUE,,
Budvar Btl,3.6,0,2/20/2022,2/21/2022,Btl,TRUE,,
Budvar Btl,6,0,2/22/2022,2/25/2022,Btl,TRUE,,
Budvar Btl,3.6,0,2/26/2022,2/28/2022,Btl,TRUE,,
Budvar Btl,6,0,3/1/2022,3/7/2022,Btl,TRUE,,
Budvar Btl,3.6,0,3/8/2022,3/7/2022,Btl,TRUE,,
Budvar Btl,6,0,3/8/2022,3/8/2022,Btl,TRUE,,
Budvar Btl,3.6,0,3/9/2022,3/12/2022,Btl,TRUE,,
Budvar Btl,6,0,3/13/2022,3/15/2022,Btl,TRUE,,
Budvar Btl,3.6,0,3/16/2022,3/28/2022,Btl,TRUE,,
Budvar Btl,6,0,3/29/2022,4/19/2022,Btl,TRUE,,
Budvar Btl,3.6,0,4/20/2022,5/7/2022,Btl,TRUE,,
Budvar Btl,6,0,5/8/2022,5/14/2022,Btl,TRUE,,
Budvar Btl,3.6,0,5/15/2022,5/14/2022,Btl,TRUE,,
Budvar Btl,6,0,5/15/2022,5/17/2022,Btl,TRUE,,
Budvar Btl,3.6,0,5/18/2022,6/17/2022,Btl,TRUE,,
Budvar Btl,6,0,6/18/2022,7/3/2022,Btl,TRUE,,
Budvar Btl,3.6,0,7/4/2022,7/9/2022,Btl,TRUE,,
Budvar Btl,6,0,7/10/2022,7/11/2022,Btl,TRUE,,
Budvar Btl,3.6,0,7/12/2022,7/11/2022,Btl,TRUE,,
Budvar Btl,6,0,7/12/2022,7/12/2022,Btl,TRUE,,
Budvar Btl,3.6,0,7/13/2022,7/12/2022,Btl,TRUE,,
Budvar Btl,6,0,7/13/2022,11/30/2022,Btl,TRUE,,
Budvar Btl,3.6,0,12/1/2022,12/3/2022,Btl,TRUE,,
Budvar Btl,6,0,12/4/2022,12/4/2022,Btl,TRUE,,
Budvar Btl,3.6,0,12/5/2022,12/7/2022,Btl,TRUE,,
Budvar Btl,6,0,12/8/2022,12/31/2099,Btl,FALSE,,
J.W Black Label 1 L /Btl,90,0,8/19/2021,12/31/2099,Btl,FALSE,,
Glenlivet 70 Cl /Btl,110,0,8/19/2021,6/4/2023,Btl,TRUE,,
Glenlivet 70 Cl /Btl,120,0,6/5/2023,1/21/2024,Btl,TRUE,,
Glenlivet 70 Cl /Btl,125,0,1/22/2024,12/31/2099,Btl,FALSE,,
Teq.Herradura Anejo Btl,110,0,8/19/2021,12/31/2099,Btl,FALSE,,
Bushmills Black Bush Btl,75,0,8/19/2021,12/31/2099,Btl,FALSE,,
Susana Balbo Malbec -Btl,55,0,8/19/2021,8/5/2023,Btl,TRUE,,
Susana Balbo Malbec -Btl,60,0,8/6/2023,1/26/2024,Btl,TRUE,,
Susana Balbo Malbec -Btl,59,0,1/27/2024,12/31/2099,Btl,FALSE,,
Teq.Herradura Plata.Btl,90,0,8/19/2021,3/13/2024,Btl,TRUE,,
Teq.Herradura Plata.Btl,120,0,3/14/2024,8/14/2024,Btl,TRUE,,
Teq.Herradura Plata.Btl,110,0,8/15/2024,12/31/2099,Btl,FALSE,,
Monkey Shoulder. Btl,95,0,8/19/2021,1/14/2024,Btl,TRUE,,
Monkey Shoulder. Btl,90,0,1/15/2024,12/31/2099,Btl,FALSE,,
Famous. Btl,65,0,8/19/2021,12/31/2099,Btl,FALSE,,
Jack Danials S Barel.Btl,90,0,8/19/2021,12/31/2099,Btl,FALSE,,
Kamiki Japanese Btl,100,0,8/19/2021,12/31/2099,Btl,FALSE,,
Tequila Anejo 1800- Btl,100,0,8/19/2021,11/12/2023,Btl,TRUE,,
Tequila Anejo 1800- Btl,110,0,11/13/2023,5/30/2025,Btl,TRUE,,
Tequila Anejo 1800- Btl,30.55,0,5/31/2025,6/2/2025,Btl,TRUE,,
Tequila Anejo 1800- Btl,110,0,6/3/2025,12/31/2099,Btl,FALSE,,
Beefeater / Btl,60,0,8/19/2021,10/18/2023,Btl,TRUE,,
Beefeater / Btl,22.559,0,10/19/2023,10/20/2023,Btl,TRUE,,
Beefeater / Btl,60,0,10/21/2023,12/28/2023,Btl,TRUE,,
Beefeater / Btl,55,0,12/29/2023,3/5/2024,Btl,TRUE,,
Beefeater / Btl,60,0,3/6/2024,5/7/2025,Btl,TRUE,,
Beefeater / Btl,21.1111,0,5/8/2025,5/31/2025,Btl,TRUE,,
Beefeater / Btl,60,0,6/1/2025,12/31/2099,Btl,FALSE,,
Hennessy Vsop Btl,215,0,8/19/2021,12/31/2099,Btl,FALSE,,
Springfield Sauvignon Blanc 75Cl-Btl,60,0,8/19/2021,12/31/2099,Btl,FALSE,,
Skyy Btl,45,0,8/19/2021,12/31/2099,Btl,FALSE,,
Neethlingshof Malbec 75Cl-Btl,60,0,8/19/2021,12/31/2099,Btl,FALSE,,
Arak Haddad Btl,35,0,8/19/2021,6/29/2023,Btl,TRUE,,
Arak Haddad Btl,11.48466667,0,6/30/2023,7/13/2023,Btl,TRUE,,
Arak Haddad Btl,35,0,7/14/2023,6/29/2024,Btl,TRUE,,
Arak Haddad Btl,10.815,0,6/30/2024,7/31/2024,Btl,TRUE,,
Arak Haddad Btl,12.192,0,8/1/2024,12/31/2099,Btl,FALSE,,
J.W Black Label 50 Cl /Btl,50,0,8/19/2021,12/31/2099,Btl,FALSE,,
Stolichnaya Red 75Cl/Btl,50,0,8/19/2021,9/16/2022,Btl,TRUE,,
Stolichnaya Red 75Cl/Btl,55,0,9/17/2022,12/31/2099,Btl,FALSE,,
Bombay Bramble Btl,68,0,8/19/2021,2/15/2023,Btl,TRUE,,
Bombay Bramble Btl,73,0,2/16/2023,12/31/2099,Btl,FALSE,,
Gin Mare Btl,90,0,8/19/2021,12/31/2099,Btl,FALSE,,
J.W Blue Label Btl,250,0,8/19/2021,12/31/2099,Btl,FALSE,,
Jack Danials Fire- Btl,75,0,8/19/2021,12/31/2099,Btl,FALSE,,
Rose Tarabaca-Btl,30,0,8/19/2021,12/31/2099,Btl,FALSE,,
Lamberti Pinot Grigio-Btl,35,0,8/19/2021,10/18/2023,Btl,TRUE,,
Lamberti Pinot Grigio-Btl,10.57,0,10/19/2023,10/19/2023,Btl,TRUE,,
Lamberti Pinot Grigio-Btl,35,0,10/20/2023,11/22/2023,Btl,TRUE,,
Lamberti Pinot Grigio-Btl,11.081,0,11/23/2023,11/22/2023,Btl,TRUE,,
Lamberti Pinot Grigio-Btl,35,0,11/23/2023,12/26/2023,Btl,TRUE,,
Lamberti Pinot Grigio-Btl,10.49,0,12/27/2023,12/28/2023,Btl,TRUE,,
Lamberti Pinot Grigio-Btl,37,0,12/29/2023,9/28/2024,Btl,TRUE,,
Lamberti Pinot Grigio-Btl,10.506,0,9/29/2024,10/2/2024,Btl,TRUE,,
Lamberti Pinot Grigio-Btl,37,0,10/3/2024,12/31/2099,Btl,FALSE,,
Lamberti Merlot-Btl,35,0,8/19/2021,12/26/2023,Btl,TRUE,,
Lamberti Merlot-Btl,37,0,12/27/2023,6/29/2024,Btl,TRUE,,
Lamberti Merlot-Btl,10.562,0,6/30/2024,8/10/2024,Btl,TRUE,,
Lamberti Merlot-Btl,37,0,8/11/2024,11/9/2024,Btl,TRUE,,
Lamberti Merlot-Btl,10.502,0,11/10/2024,11/13/2024,Btl,TRUE,,
Lamberti Merlot-Btl,37,0,11/14/2024,12/31/2099,Btl,FALSE,,
Torresella Rose-Btl,30,0,8/19/2021,5/31/2023,Btl,TRUE,,
Torresella Rose-Btl,35,0,6/1/2023,12/31/2099,Btl,FALSE,,
Haymans Btl,70,0,8/19/2021,12/8/2022,Btl,TRUE,,
Haymans Btl,55,0,12/9/2022,6/5/2023,Btl,TRUE,,
Haymans Btl,65,0,6/6/2023,12/31/2099,Btl,FALSE,,
Glenmor 14Y Btl,160,0,8/19/2021,12/31/2099,Btl,FALSE,,
Jose Cuervo Silver Btl70Cl,55,0,8/19/2021,6/3/2023,Btl,TRUE,,
Jose Cuervo Silver Btl70Cl,65,0,6/4/2023,10/18/2023,Btl,TRUE,,
Jose Cuervo Silver Btl70Cl,25.016,0,10/19/2023,10/24/2023,Btl,TRUE,,
Jose Cuervo Silver Btl70Cl,65,0,10/25/2023,4/29/2024,Btl,TRUE,,
Jose Cuervo Silver Btl70Cl,70,0,4/30/2024,12/25/2024,Btl,TRUE,,
Jose Cuervo Silver Btl70Cl,23.449,0,12/26/2024,12/25/2024,Btl,TRUE,,
Jose Cuervo Silver Btl70Cl,70,0,12/26/2024,2/12/2025,Btl,TRUE,,
Jose Cuervo Silver Btl70Cl,23.45,0,2/13/2025,2/12/2025,Btl,TRUE,,
Jose Cuervo Silver Btl70Cl,70,0,2/13/2025,5/7/2025,Btl,TRUE,,
Jose Cuervo Silver Btl70Cl,22.80555,0,5/8/2025,5/9/2025,Btl,TRUE,,
Jose Cuervo Silver Btl70Cl,70,0,5/10/2025,12/31/2099,Btl,FALSE,,
Jose Cuervo Silver Btl100Cl,85,0,8/19/2021,12/26/2023,Btl,TRUE,,
Jose Cuervo Silver Btl100Cl,30,0,12/27/2023,12/26/2023,Btl,TRUE,,
Jose Cuervo Silver Btl100Cl,85,0,12/27/2023,12/31/2099,Btl,FALSE,,
Almaza 5Btl,18,0,8/19/2021,12/31/2099,Btl,FALSE,,
Torresella P.Grigio-Btl,30,0,8/19/2021,5/31/2023,Btl,TRUE,,
Torresella P.Grigio-Btl,35,0,6/1/2023,1/11/2024,Btl,TRUE,,
Torresella P.Grigio-Btl,36,0,1/12/2024,9/28/2024,Btl,TRUE,,
Torresella P.Grigio-Btl,10.202,0,9/29/2024,9/29/2024,Btl,TRUE,,
Torresella P.Grigio-Btl,36,0,9/30/2024,12/31/2099,Btl,FALSE,,
Santa Rita Sauvignon Blanc- Btl,28,0,8/19/2021,12/31/2099,Btl,FALSE,,
Chelsea Royal Btl,90,0,8/19/2021,7/17/2023,Btl,TRUE,,
Chelsea Royal Btl,65,0,7/18/2023,12/31/2099,Btl,FALSE,,
Iwai Japanese Btl,100,0,8/19/2021,12/31/2099,Btl,FALSE,,
West Cork - Btl,75,0,8/19/2021,12/31/2099,Btl,FALSE,,
Santa Rita Cabernet 75Cl-Btl,28,0,8/19/2021,12/31/2099,Btl,FALSE,,
Poesie Pinot Grigio-Btl,35,0,8/19/2021,11/22/2023,Btl,TRUE,,
Poesie Pinot Grigio-Btl,10.183,0,11/23/2023,12/12/2023,Btl,TRUE,,
Poesie Pinot Grigio-Btl,35,0,12/13/2023,1/18/2024,Btl,TRUE,,
Poesie Pinot Grigio-Btl,37,0,1/19/2024,12/31/2099,Btl,FALSE,,
Russian Gold Btl,60,0,8/19/2021,12/26/2023,Btl,TRUE,,
Russian Gold Btl,23,0,12/27/2023,1/12/2024,Btl,TRUE,,
Russian Gold Btl,60,0,1/13/2024,12/31/2099,Btl,FALSE,,
Hennessy Vs Btl,150,0,8/19/2021,12/31/2099,Btl,FALSE,,
Jr Sparking Rose-Btl,28,0,8/19/2021,12/31/2099,Btl,FALSE,,
Jr Sparking Brut-Btl,28,0,8/19/2021,12/31/2099,Btl,FALSE,,
Poesie Merlot-Btl,35,0,8/19/2021,1/16/2024,Btl,TRUE,,
Poesie Merlot-Btl,37,0,1/17/2024,12/31/2099,Btl,FALSE,,
Don Julio Bianco Btl,110,0,8/19/2021,4/14/2023,Btl,TRUE,,
Don Julio Bianco Btl,120,0,4/15/2023,1/8/2024,Btl,TRUE,,
Don Julio Bianco Btl,135,0,1/9/2024,12/31/2099,Btl,FALSE,,
Havana Club - Btl,60,0,8/19/2021,12/31/2099,Btl,FALSE,,
Poesie Rose-Btl,35,0,8/19/2021,12/31/2099,Btl,FALSE,,
Beefeater / Btl100Cl,36.5,0,8/19/2021,12/31/2099,Btl,FALSE,,
Absolute Btl100Cl,32,0,8/19/2021,5/17/2024,Btl,TRUE,,
Absolute Btl100Cl,50,0,5/18/2024,12/31/2099,Btl,FALSE,,
Glenmor 12Y Btl,140,0,8/19/2021,12/31/2099,Btl,FALSE,,
Heineken Btl,6,0,8/19/2021,11/22/2023,Btl,TRUE,,
Heineken Btl,2,0,11/23/2023,11/23/2023,Btl,TRUE,,
Heineken Btl,6,0,11/24/2023,3/30/2024,Btl,TRUE,,
Heineken Btl,2,0,3/31/2024,3/31/2024,Btl,TRUE,,
Heineken Btl,6,0,4/1/2024,5/31/2024,Btl,TRUE,,
Heineken Btl,1.756,0,6/1/2024,6/4/2024,Btl,TRUE,,
Heineken Btl,6,0,6/5/2024,6/29/2024,Btl,TRUE,,
Heineken Btl,1.756,0,6/30/2024,6/29/2024,Btl,TRUE,,
Heineken Btl,6,0,6/30/2024,12/25/2024,Btl,TRUE,,
Heineken Btl,1.741,0,12/26/2024,1/2/2025,Btl,TRUE,,
Heineken Btl,6,0,1/3/2025,4/27/2025,Btl,TRUE,,
Heineken Btl,1.74,0,4/28/2025,4/28/2025,Btl,TRUE,,
Heineken Btl,6,0,4/29/2025,12/31/2099,Btl,FALSE,,
Sol Btl,6,0,8/19/2021,12/3/2023,Btl,TRUE,,
Sol Btl,3.5,0,12/4/2023,12/16/2023,Btl,TRUE,,
Sol Btl,6,0,12/17/2023,3/30/2024,Btl,TRUE,,
Sol Btl,1.56,0,3/31/2024,3/31/2024,Btl,TRUE,,
Sol Btl,6,0,4/1/2024,5/31/2024,Btl,TRUE,,
Sol Btl,1.751,0,6/1/2024,6/1/2024,Btl,TRUE,,
Sol Btl,6,0,6/2/2024,6/29/2024,Btl,TRUE,,
Sol Btl,1.751,0,6/30/2024,7/2/2024,Btl,TRUE,,
Sol Btl,6,0,7/3/2024,12/31/2099,Btl,FALSE,,
Veuve Rose 20 Cl-Btl,12,0,8/19/2021,12/31/2099,Btl,FALSE,,
Lunardi Merlot-Btl,35,0,8/19/2021,12/26/2023,Btl,TRUE,,
Lunardi Merlot-Btl,9.17,0,12/27/2023,12/26/2023,Btl,TRUE,,
Lunardi Merlot-Btl,35,0,12/27/2023,1/9/2024,Btl,TRUE,,
Lunardi Merlot-Btl,36,0,1/10/2024,3/30/2024,Btl,TRUE,,
Lunardi Merlot-Btl,9.17,0,3/31/2024,4/9/2024,Btl,TRUE,,
Lunardi Merlot-Btl,36,0,4/10/2024,9/28/2024,Btl,TRUE,,
Lunardi Merlot-Btl,9.136,0,9/29/2024,10/3/2024,Btl,TRUE,,
Lunardi Merlot-Btl,36,0,10/4/2024,11/9/2024,Btl,TRUE,,
Lunardi Merlot-Btl,9.136,0,11/10/2024,11/11/2024,Btl,TRUE,,
Lunardi Merlot-Btl,36,0,11/12/2024,12/25/2024,Btl,TRUE,,
Lunardi Merlot-Btl,9.176,0,12/26/2024,1/8/2025,Btl,TRUE,,
Lunardi Merlot-Btl,36,0,1/9/2025,2/12/2025,Btl,TRUE,,
Lunardi Merlot-Btl,9.17,0,2/13/2025,2/14/2025,Btl,TRUE,,
Lunardi Merlot-Btl,36,0,2/15/2025,5/30/2025,Btl,TRUE,,
Lunardi Merlot-Btl,9.17,0,5/31/2025,12/31/2099,Btl,FALSE,,
Lunardi P.Grigio-Btl,35,0,8/19/2021,12/26/2023,Btl,TRUE,,
Lunardi P.Grigio-Btl,9.176,0,12/27/2023,12/26/2023,Btl,TRUE,,
Lunardi P.Grigio-Btl,35,0,12/27/2023,1/8/2024,Btl,TRUE,,
Lunardi P.Grigio-Btl,36,0,1/9/2024,2/5/2024,Btl,TRUE,,
Lunardi P.Grigio-Btl,9.176,0,2/6/2024,2/6/2024,Btl,TRUE,,
Lunardi P.Grigio-Btl,36,0,2/7/2024,3/30/2024,Btl,TRUE,,
Lunardi P.Grigio-Btl,9.17,0,3/31/2024,4/3/2024,Btl,TRUE,,
Lunardi P.Grigio-Btl,36,0,4/4/2024,5/31/2024,Btl,TRUE,,
Lunardi P.Grigio-Btl,9.037,0,6/1/2024,6/10/2024,Btl,TRUE,,
Lunardi P.Grigio-Btl,36,0,6/11/2024,6/29/2024,Btl,TRUE,,
Lunardi P.Grigio-Btl,9.037,0,6/30/2024,6/29/2024,Btl,TRUE,,
Lunardi P.Grigio-Btl,36,0,6/30/2024,12/25/2024,Btl,TRUE,,
Lunardi P.Grigio-Btl,9.106,0,12/26/2024,12/31/2024,Btl,TRUE,,
Lunardi P.Grigio-Btl,36,0,1/1/2025,2/12/2025,Btl,TRUE,,
Lunardi P.Grigio-Btl,9.17,0,2/13/2025,2/12/2025,Btl,TRUE,,
Lunardi P.Grigio-Btl,36,0,2/13/2025,4/27/2025,Btl,TRUE,,
Lunardi P.Grigio-Btl,9.17,0,4/28/2025,5/1/2025,Btl,TRUE,,
Lunardi P.Grigio-Btl,36,0,5/2/2025,5/30/2025,Btl,TRUE,,
Lunardi P.Grigio-Btl,9.17,0,5/31/2025,5/31/2025,Btl,TRUE,,
Lunardi P.Grigio-Btl,36,0,6/1/2025,12/31/2099,Btl,FALSE,,
Red Label Btl 100,75,0,8/19/2021,12/31/2099,Btl,FALSE,,
Veuve Ice 20 Cl-Btl,12,0,8/19/2021,12/31/2099,Btl,FALSE,,
J.W Red Label Btl 75,65,0,8/19/2021,1/9/2024,Btl,TRUE,,
J.W Red Label Btl 75,75,0,1/10/2024,12/31/2099,Btl,FALSE,,
Mastikha - Btl,65,0,8/19/2021,12/31/2099,Btl,FALSE,,
Oyster Bay Pinot-Btl,59,0,8/19/2021,12/31/2099,Btl,FALSE,,
Avion Gold Btl,110,0,8/19/2021,5/27/2024,Btl,TRUE,,
Avion Gold Btl,125,0,5/28/2024,12/31/2099,Btl,FALSE,,
B&G Tourmaline Rose Btl,45,0,8/19/2021,5/31/2024,Btl,TRUE,,
B&G Tourmaline Rose Btl,16.125,0,6/1/2024,6/9/2024,Btl,TRUE,,
B&G Tourmaline Rose Btl,45,0,6/10/2024,12/31/2099,Btl,FALSE,,
Alhambra Btl,6,0,8/19/2021,12/31/2099,Btl,FALSE,,
B&G St Emilion Btl,59,0,8/19/2021,12/31/2099,Btl,FALSE,,
Castillo De Molina Shiras Btl,49,0,8/19/2021,12/31/2099,Btl,FALSE,,
Komos Anejo Cris Btl,260,0,8/19/2021,12/31/2099,Btl,FALSE,,
B&G Chardonnay-Btl,69,0,8/19/2021,12/31/2099,Btl,FALSE,,
Chivas Regal 13Y.Btl,140,0,8/19/2021,12/31/2099,Btl,FALSE,,
Komos Reposado Btl,210,0,8/19/2021,12/31/2099,Btl,FALSE,,
Avion Silver Btl,110,0,8/19/2021,12/31/2099,Btl,FALSE,,
Teq.Herradura Ultra Anejo Btl,170,0,8/19/2021,12/31/2099,Btl,FALSE,,
Teq.Herradura Legend Btl,250,0,8/19/2021,12/31/2099,Btl,FALSE,,
Castillo De Molina White Btl,49,0,8/19/2021,9/28/2024,Btl,TRUE,,
Castillo De Molina White Btl,17.25,0,9/29/2024,11/15/2024,Btl,TRUE,,
Castillo De Molina White Btl,49,0,11/16/2024,12/31/2099,Btl,FALSE,,
Black Barrel - Btl,90,0,8/19/2021,12/31/2099,Btl,FALSE,,
Beefeater Pink Btl,60,0,8/19/2021,12/31/2099,Btl,FALSE,,
Jack Daniels Honey Btl,75,0,8/19/2021,12/31/2099,Btl,FALSE,,
Herradura Reposado Btl,130,0,8/19/2021,8/21/2024,Btl,TRUE,,
Herradura Reposado Btl,120,0,8/22/2024,12/31/2099,Btl,FALSE,,
Maison Castel-Btl,85,0,8/19/2021,12/31/2099,Btl,FALSE,,
Absolute Btl,50,0,8/19/2021,12/31/2099,Btl,FALSE,,
Peroni Btl.,6,0,8/19/2021,4/27/2025,Btl,TRUE,,
Peroni Btl.,1.9,0,4/28/2025,4/27/2025,Btl,TRUE,,
Peroni Btl.,6,0,4/28/2025,5/7/2025,Btl,TRUE,,
Peroni Btl.,1.9074,0,5/8/2025,5/9/2025,Btl,TRUE,,
Peroni Btl.,6,0,5/10/2025,5/30/2025,Btl,TRUE,,
Peroni Btl.,1.97,0,5/31/2025,5/31/2025,Btl,TRUE,,
Peroni Btl.,6,0,6/1/2025,12/31/2099,Btl,FALSE,,
Gin Roku Btl,100,0,8/19/2021,12/31/2099,Btl,FALSE,,
Stella Btl,6,0,8/19/2021,12/31/2099,Btl,FALSE,,
Budweiser Btl,6,0,8/19/2021,12/31/2099,Btl,FALSE,,
